<?xml version="1.0" encoding="utf-8"?>
<!--/364186/1360581/2.50/16/3/Integrated Circuit/-->
<quadcept_library>
  <setting unit="mil" />
  <textstyle name="Default" height="47.244094488189" strokewidth="7.8740157480315" charwidth="47.244094488189" />
  <textstyle name="Dimension" height="19.6850393700787" strokewidth="0" charwidth="19.6850393700787" />
  <textstyle name="H127W0635TH00762" height="50" strokewidth="3" charwidth="25" />
  <textstyle name="H15W15TH02" height="59.0551181102362" strokewidth="7.8740157480315" charwidth="59.0551181102362" />
  <padstyle name="r147.5_45" surface="True" plated="False" isvia="False" nopaste="False" nomask="True" complex="False" holesize="0">
    <padshape layer="TOP" shape="rectangle" width="17.716535433071" height="58.070866141732" />
    <padshape layer="TOP_SOLDER_MASK" shape="rectangle" width="25.590551181102" height="65.944881889763" />
    <padshape layer="TOP_SOLDER_PASTE" shape="rectangle" width="17.716535433071" height="58.070866141732" />
  </padstyle>
  <footprint name="SOP65P640X120-16N" originx="0" originy="0" pickpointx="0" pickpointy="0">
    <pcbpin number="1" name="1" style="r147.5_45" originx="-115.66929133858" originy="89.566929133857" rotation="90" />
    <pcbpin number="2" name="2" style="r147.5_45" originx="-115.66929133858" originy="63.976377952755" rotation="90" />
    <pcbpin number="3" name="3" style="r147.5_45" originx="-115.66929133858" originy="38.385826771653" rotation="90" />
    <pcbpin number="4" name="4" style="r147.5_45" originx="-115.66929133858" originy="12.795275590551" rotation="90" />
    <pcbpin number="5" name="5" style="r147.5_45" originx="-115.66929133858" originy="-12.795275590551" rotation="90" />
    <pcbpin number="6" name="6" style="r147.5_45" originx="-115.66929133858" originy="-38.385826771653" rotation="90" />
    <pcbpin number="7" name="7" style="r147.5_45" originx="-115.66929133858" originy="-63.976377952755" rotation="90" />
    <pcbpin number="8" name="8" style="r147.5_45" originx="-115.66929133858" originy="-89.566929133857" rotation="90" />
    <pcbpin number="9" name="9" style="r147.5_45" originx="115.66929133858" originy="-89.566929133857" rotation="90" />
    <pcbpin number="10" name="10" style="r147.5_45" originx="115.66929133858" originy="-63.976377952755" rotation="90" />
    <pcbpin number="11" name="11" style="r147.5_45" originx="115.66929133858" originy="-38.385826771653" rotation="90" />
    <pcbpin number="12" name="12" style="r147.5_45" originx="115.66929133858" originy="-12.795275590551" rotation="90" />
    <pcbpin number="13" name="13" style="r147.5_45" originx="115.66929133858" originy="12.795275590551" rotation="90" />
    <pcbpin number="14" name="14" style="r147.5_45" originx="115.66929133858" originy="38.385826771653" rotation="90" />
    <pcbpin number="15" name="15" style="r147.5_45" originx="115.66929133858" originy="63.976377952755" rotation="90" />
    <pcbpin number="16" name="16" style="r147.5_45" originx="115.66929133858" originy="89.566929133857" rotation="90" />
    <line layer="TOP_PLACE_BOUND" originx="-154.52755905512" originy="110.23622047244" endx="154.52755905512" endy="110.23622047244" width="1.9685039370079" />
    <line layer="TOP_PLACE_BOUND" originx="154.52755905512" originy="110.23622047244" endx="154.52755905512" endy="-110.23622047244" width="1.9685039370079" />
    <line layer="TOP_PLACE_BOUND" originx="154.52755905512" originy="-110.23622047244" endx="-154.52755905512" endy="-110.23622047244" width="1.9685039370079" />
    <line layer="TOP_PLACE_BOUND" originx="-154.52755905512" originy="-110.23622047244" endx="-154.52755905512" endy="110.23622047244" width="1.9685039370079" />
    <line layer="TOP_ASSEMBLY" originx="-86.614173228345" originy="98.425196850392" endx="86.614173228345" endy="98.425196850392" width="3.9370078740157" />
    <line layer="TOP_ASSEMBLY" originx="86.614173228345" originy="98.425196850392" endx="86.614173228345" endy="-98.425196850392" width="3.9370078740157" />
    <line layer="TOP_ASSEMBLY" originx="86.614173228345" originy="-98.425196850392" endx="-86.614173228345" endy="-98.425196850392" width="3.9370078740157" />
    <line layer="TOP_ASSEMBLY" originx="-86.614173228345" originy="-98.425196850392" endx="-86.614173228345" endy="98.425196850392" width="3.9370078740157" />
    <line layer="TOP_ASSEMBLY" originx="-86.614173228345" originy="72.83464566929" endx="-61.023622047243" endy="98.425196850392" width="3.9370078740157" />
    <line layer="TOP_SILKSCREEN" originx="-72.83464566929" originy="98.425196850392" endx="72.83464566929" endy="98.425196850392" width="7.8740157480314" />
    <line layer="TOP_SILKSCREEN" originx="72.83464566929" originy="98.425196850392" endx="72.83464566929" endy="-98.425196850392" width="7.8740157480314" />
    <line layer="TOP_SILKSCREEN" originx="72.83464566929" originy="-98.425196850392" endx="-72.83464566929" endy="-98.425196850392" width="7.8740157480314" />
    <line layer="TOP_SILKSCREEN" originx="-72.83464566929" originy="-98.425196850392" endx="-72.83464566929" endy="98.425196850392" width="7.8740157480314" />
    <line layer="TOP_SILKSCREEN" originx="-144.68503937008" originy="112.20472440945" endx="-86.614173228345" endy="112.20472440945" width="7.8740157480314" />
  </footprint>
  <symbol name="ADS1246IPWR" originx="0" originy="0">
    <line originx="200" originy="100" endx="1300" endy="100" width="0" />
    <line originx="1300" originy="-800" endx="1300" endy="100" width="0" />
    <line originx="1300" originy="-800" endx="200" endy="-800" width="0" />
    <line originx="200" originy="100" endx="200" endy="-800" width="0" />
    <sympin number="1" originx="200" originy="0" rotation="180" length="100" width="7.8740157480315" flipped="False">
      <text name="pinname" originx="230" originy="0" style="Default" rotation="0" justify="left" flipped="False" hidden="False" data="DVDD" />
      <text name="pindes" originx="140" originy="20" style="Default" rotation="0" justify="lowerright" flipped="False" hidden="False" data="1" />
    </sympin>
    <sympin number="2" originx="200" originy="-100" rotation="180" length="100" width="7.8740157480315" flipped="False">
      <text name="pinname" originx="230" originy="-100" style="Default" rotation="0" justify="left" flipped="False" hidden="False" data="DGND" />
      <text name="pindes" originx="140" originy="-80" style="Default" rotation="0" justify="lowerright" flipped="False" hidden="False" data="2" />
    </sympin>
    <sympin number="3" originx="200" originy="-200" rotation="180" length="100" width="7.8740157480315" flipped="False">
      <text name="pinname" originx="230" originy="-200" style="Default" rotation="0" justify="left" flipped="False" hidden="False" data="CLK" />
      <text name="pindes" originx="140" originy="-180" style="Default" rotation="0" justify="lowerright" flipped="False" hidden="False" data="3" />
    </sympin>
    <sympin number="4" originx="200" originy="-300" rotation="180" length="100" width="7.8740157480315" flipped="False">
      <text name="pinname" originx="230" originy="-300" style="Default" rotation="0" justify="left" flipped="False" hidden="False" data="\RESET" />
      <text name="pindes" originx="140" originy="-280" style="Default" rotation="0" justify="lowerright" flipped="False" hidden="False" data="4" />
    </sympin>
    <sympin number="5" originx="200" originy="-400" rotation="180" length="100" width="7.8740157480315" flipped="False">
      <text name="pinname" originx="230" originy="-400" style="Default" rotation="0" justify="left" flipped="False" hidden="False" data="REFP" />
      <text name="pindes" originx="140" originy="-380" style="Default" rotation="0" justify="lowerright" flipped="False" hidden="False" data="5" />
    </sympin>
    <sympin number="6" originx="200" originy="-500" rotation="180" length="100" width="7.8740157480315" flipped="False">
      <text name="pinname" originx="230" originy="-500" style="Default" rotation="0" justify="left" flipped="False" hidden="False" data="REFN" />
      <text name="pindes" originx="140" originy="-480" style="Default" rotation="0" justify="lowerright" flipped="False" hidden="False" data="6" />
    </sympin>
    <sympin number="7" originx="200" originy="-600" rotation="180" length="100" width="7.8740157480315" flipped="False">
      <text name="pinname" originx="230" originy="-600" style="Default" rotation="0" justify="left" flipped="False" hidden="False" data="AINP" />
      <text name="pindes" originx="140" originy="-580" style="Default" rotation="0" justify="lowerright" flipped="False" hidden="False" data="7" />
    </sympin>
    <sympin number="8" originx="200" originy="-700" rotation="180" length="100" width="7.8740157480315" flipped="False">
      <text name="pinname" originx="230" originy="-700" style="Default" rotation="0" justify="left" flipped="False" hidden="False" data="AINN" />
      <text name="pindes" originx="140" originy="-680" style="Default" rotation="0" justify="lowerright" flipped="False" hidden="False" data="8" />
    </sympin>
    <sympin number="16" originx="1300" originy="0" rotation="0" length="100" width="7.8740157480315" flipped="False">
      <text name="pinname" originx="1270" originy="0" style="Default" rotation="0" justify="right" flipped="False" hidden="False" data="SCLK" />
      <text name="pindes" originx="1360" originy="20" style="Default" rotation="0" justify="lowerleft" flipped="False" hidden="False" data="16" />
    </sympin>
    <sympin number="15" originx="1300" originy="-100" rotation="0" length="100" width="7.8740157480315" flipped="False">
      <text name="pinname" originx="1270" originy="-100" style="Default" rotation="0" justify="right" flipped="False" hidden="False" data="DIN" />
      <text name="pindes" originx="1360" originy="-80" style="Default" rotation="0" justify="lowerleft" flipped="False" hidden="False" data="15" />
    </sympin>
    <sympin number="14" originx="1300" originy="-200" rotation="0" length="100" width="7.8740157480315" flipped="False">
      <text name="pinname" originx="1270" originy="-200" style="Default" rotation="0" justify="right" flipped="False" hidden="False" data="DOUT/\DRDY" />
      <text name="pindes" originx="1360" originy="-180" style="Default" rotation="0" justify="lowerleft" flipped="False" hidden="False" data="14" />
    </sympin>
    <sympin number="13" originx="1300" originy="-300" rotation="0" length="100" width="7.8740157480315" flipped="False">
      <text name="pinname" originx="1270" originy="-300" style="Default" rotation="0" justify="right" flipped="False" hidden="False" data="\DRDY" />
      <text name="pindes" originx="1360" originy="-280" style="Default" rotation="0" justify="lowerleft" flipped="False" hidden="False" data="13" />
    </sympin>
    <sympin number="12" originx="1300" originy="-400" rotation="0" length="100" width="7.8740157480315" flipped="False">
      <text name="pinname" originx="1270" originy="-400" style="Default" rotation="0" justify="right" flipped="False" hidden="False" data="\CS" />
      <text name="pindes" originx="1360" originy="-380" style="Default" rotation="0" justify="lowerleft" flipped="False" hidden="False" data="12" />
    </sympin>
    <sympin number="11" originx="1300" originy="-500" rotation="0" length="100" width="7.8740157480315" flipped="False">
      <text name="pinname" originx="1270" originy="-500" style="Default" rotation="0" justify="right" flipped="False" hidden="False" data="START" />
      <text name="pindes" originx="1360" originy="-480" style="Default" rotation="0" justify="lowerleft" flipped="False" hidden="False" data="11" />
    </sympin>
    <sympin number="10" originx="1300" originy="-600" rotation="0" length="100" width="7.8740157480315" flipped="False">
      <text name="pinname" originx="1270" originy="-600" style="Default" rotation="0" justify="right" flipped="False" hidden="False" data="AVDD" />
      <text name="pindes" originx="1360" originy="-580" style="Default" rotation="0" justify="lowerleft" flipped="False" hidden="False" data="10" />
    </sympin>
    <sympin number="9" originx="1300" originy="-700" rotation="0" length="100" width="7.8740157480315" flipped="False">
      <text name="pinname" originx="1270" originy="-700" style="Default" rotation="0" justify="right" flipped="False" hidden="False" data="AVSS" />
      <text name="pindes" originx="1360" originy="-680" style="Default" rotation="0" justify="lowerleft" flipped="False" hidden="False" data="9" />
    </sympin>
  </symbol>
  <component name="ADS1246IPWR" designatorprefix="IC" height="47.244094488188" footprint="SOP65P640X120-16N">
    <comppin designator="1" sympin="1" pinswap="0" gateswap="0" gate="1" group="1" side="" type="Any" name="DVDD" />
    <comppin designator="2" sympin="2" pinswap="0" gateswap="0" gate="1" group="1" side="" type="Any" name="DGND" />
    <comppin designator="3" sympin="3" pinswap="0" gateswap="0" gate="1" group="1" side="" type="Any" name="CLK" />
    <comppin designator="4" sympin="4" pinswap="0" gateswap="0" gate="1" group="1" side="" type="Any" name="|RESET" />
    <comppin designator="5" sympin="5" pinswap="0" gateswap="0" gate="1" group="1" side="" type="Any" name="REFP" />
    <comppin designator="6" sympin="6" pinswap="0" gateswap="0" gate="1" group="1" side="" type="Any" name="REFN" />
    <comppin designator="7" sympin="7" pinswap="0" gateswap="0" gate="1" group="1" side="" type="Any" name="AINP" />
    <comppin designator="8" sympin="8" pinswap="0" gateswap="0" gate="1" group="1" side="" type="Any" name="AINN" />
    <comppin designator="9" sympin="9" pinswap="0" gateswap="0" gate="1" group="1" side="" type="Any" name="AVSS" />
    <comppin designator="10" sympin="10" pinswap="0" gateswap="0" gate="1" group="1" side="" type="Any" name="AVDD" />
    <comppin designator="11" sympin="11" pinswap="0" gateswap="0" gate="1" group="1" side="" type="Any" name="START" />
    <comppin designator="12" sympin="12" pinswap="0" gateswap="0" gate="1" group="1" side="" type="Any" name="|CS" />
    <comppin designator="13" sympin="13" pinswap="0" gateswap="0" gate="1" group="1" side="" type="Any" name="|DRDY" />
    <comppin designator="14" sympin="14" pinswap="0" gateswap="0" gate="1" group="1" side="" type="Any" name="DOUT/|DRDY" />
    <comppin designator="15" sympin="15" pinswap="0" gateswap="0" gate="1" group="1" side="" type="Any" name="DIN" />
    <comppin designator="16" sympin="16" pinswap="0" gateswap="0" gate="1" group="1" side="" type="Any" name="SCLK" />
    <attached_symbol gate="1" name="ADS1246IPWR" />
    <pinmap designator="1" footprintpin="1" />
    <pinmap designator="2" footprintpin="2" />
    <pinmap designator="3" footprintpin="3" />
    <pinmap designator="4" footprintpin="4" />
    <pinmap designator="5" footprintpin="5" />
    <pinmap designator="6" footprintpin="6" />
    <pinmap designator="7" footprintpin="7" />
    <pinmap designator="8" footprintpin="8" />
    <pinmap designator="9" footprintpin="9" />
    <pinmap designator="10" footprintpin="10" />
    <pinmap designator="11" footprintpin="11" />
    <pinmap designator="12" footprintpin="12" />
    <pinmap designator="13" footprintpin="13" />
    <pinmap designator="14" footprintpin="14" />
    <pinmap designator="15" footprintpin="15" />
    <pinmap designator="16" footprintpin="16" />
    <text name="Datasheet" originx="0" originy="0" style="Default" rotation="0" justify="" flipped="False" hidden="True" data="http://www.ti.com/lit/gpn/ADS1246" />
    <text name="Description" originx="0" originy="0" style="Default" rotation="0" justify="" flipped="False" hidden="True" data="24-Bit, 2kSPS, 1-Ch Delta-Sigma ADC With PGA for Precision Sensor Measurement" />
    <text name="Manufacturer_Name" originx="0" originy="0" style="Default" rotation="0" justify="" flipped="False" hidden="True" data="Texas Instruments" />
    <text name="Manufacturer_Part_Number" originx="1350" originy="200" style="Default" rotation="0" justify="left" flipped="False" hidden="False" data="ADS1246IPWR" />
    <text name="Mouser Part Number" originx="0" originy="0" style="Default" rotation="0" justify="" flipped="False" hidden="True" data="595-ADS1246IPWR" />
    <text name="Mouser Price/Stock" originx="0" originy="0" style="Default" rotation="0" justify="" flipped="False" hidden="True" data="https://www.mouser.co.uk/ProductDetail/Texas-Instruments/ADS1246IPWR?qs=XGzIaZb%2FFYJewvAb0%2FxFDA%3D%3D" />
    <text name="Arrow Part Number" originx="0" originy="0" style="Default" rotation="0" justify="" flipped="False" hidden="True" data="ADS1246IPWR" />
    <text name="Arrow Price/Stock" originx="0" originy="0" style="Default" rotation="0" justify="" flipped="False" hidden="True" data="https://www.arrow.com/en/products/ads1246ipwr/texas-instruments?region=nac" />
  </component>
</quadcept_library>
